Strata_ID,max_ndvi_mean,max_lswi_mean,max_backscatter_mean,integrated_backscatter_mean,integrated_fapar_mean,rainy_days_mean,adjusted_rainfall_mean,condition_variability
101,0.1254167717516771,0.1779415955065044,0.1314223640217097,0.13965181244980363,0.08179538336218392,0.10135808707805269,0.10505413330131468,0.13735985252875388
102,0.10315477485987973,0.13028205668286733,0.0989855279212702,0.08688334420418825,0.23384319532336542,0.13801899890015368,0.07907016183257198,0.12976194027570342
